-- Crear la base de datos
DROP DATABASE IF EXISTS Abarrotes_zorro;
CREATE DATABASE Abarrotes_zorro;
USE Abarrotes_zorro;

-- Tabla de roles de empleados
CREATE TABLE rol_empleado (
    id_rol INT PRIMARY KEY NOT NULL auto_increment,
    rol VARCHAR(50) NOT NULL
);

-- Tabla de empleados
CREATE TABLE empleado (
    id_emp INT PRIMARY KEY NOT NULL auto_increment,
    nombre VARCHAR(100) NOT NULL,
    username VARCHAR(50) NOT NULL ,
    password VARCHAR(100) NOT NULL ,
    email VARCHAR(100) NOT NULL ,
    telefono VARCHAR(10) NOT NULL,
    id_rol INT NOT NULL ,
    FOREIGN KEY (id_rol) REFERENCES rol_empleado(id_rol)
);

-- Tabla de clientes
CREATE TABLE cliente (
    id_clien INT PRIMARY KEY auto_increment,
    nombre VARCHAR(100) NOT NULL ,
    num_cuenta VARCHAR(12) NOT NULL ,
    email VARCHAR(100) NOT NULL ,
    telefono VARCHAR(10) NOT NULL
);

-- Tabla de tipo del producto
CREATE TABLE tipo_producto (
    id_tprod INT PRIMARY KEY NOT NULL auto_increment,
    tipo VARCHAR(255)
);

-- Tabla de proveedores
CREATE TABLE proveedor (
                           id_prov INT PRIMARY KEY NOT NULL auto_increment,
                           nombre VARCHAR(100) NOT NULL ,
                           email VARCHAR(100) NOT NULL ,
                           telefono VARCHAR(10) NOT NULL
);


-- Tabla de productos
CREATE TABLE producto (
    id_pro INT PRIMARY KEY NOT NULL auto_increment,
    nombre VARCHAR(100) NOT NULL ,
    precio DOUBLE NOT NULL,
    img_pro VARCHAR(255) NOT NULL ,
    id_tprod INT NOT NULL ,
    id_prov INT NOT NULL ,
    FOREIGN KEY (id_tprod) REFERENCES tipo_producto(id_tprod),
    FOREIGN KEY (id_prov) REFERENCES proveedor(id_prov)
);


-- Tabla de productos en almacén
CREATE TABLE cantidad_producto_almacen (
    id_cad INT PRIMARY KEY NOT NULL auto_increment,
    id_pro INT NOT NULL ,
    cantidad INT NOT NULL ,
    FOREIGN KEY (id_pro) REFERENCES producto(id_pro)
);

-- Tabla de compras de clientes
CREATE TABLE compra_cliente (
    id_compra INT PRIMARY KEY NOT NULL auto_increment,
    id_cliente INT NOT NULL ,
    id_emp INT NOT NULL ,
    id_pro INT NOT NULL ,
    cantidad INT NOT NULL ,
    total DOUBLE NOT NULL,
    fecha DATE NOT NULL ,
    FOREIGN KEY (id_cliente) REFERENCES cliente(id_clien),
    FOREIGN KEY (id_emp) REFERENCES empleado(id_emp),
    FOREIGN KEY (id_pro) REFERENCES producto(id_pro)
);


CREATE TABLE pedido_proveedor (
                           id_pedprov INT PRIMARY KEY NOT NULL auto_increment,
                           id_pro INT NOT NULL ,
                           cantidad INT NOT NULL ,
                           FOREIGN KEY (id_pro) REFERENCES producto(id_pro)
);


-- Tabla de histórico de productos
CREATE TABLE historico_productos (
    id_histo INT PRIMARY KEY NOT NULL auto_increment,
    id_cad INT NOT NULL ,
    id_compra INT NOT NULL ,
    cantidad_act INT NOT NULL ,
    FOREIGN KEY (id_cad) REFERENCES cantidad_producto_almacen(id_cad),
    FOREIGN KEY (id_compra) REFERENCES compra_cliente(id_compra)
);


INSERT INTO `rol_empleado` VALUES
                          (1,'Administrador'),
                          (2,'Cajero');

INSERT INTO `cliente` VALUES
                          (1,'Jose Perez','123456789252','clientepruebaspring@gmail.com','2288443176'),
                          (2,'Alondra Ramos', '425459789252', 'anatrikilozano@gmail.com','5580104964'),
                          (3,'Diego Arreola', '227153789252', 'diego23arreola@gmail.com','5577540590');


INSERT INTO `tipo_producto` VALUES
    (1,'Abarrotes'),
    (2,'Productos enlatados'),
    (3,'Lacteos'),
    (4,'Dulceria'),
    (5,'Harinas y pan'),
    (6,'Bebidas'),
    (7,'Alimentos preparados'),
    (8,'Automedicacion'),
    (9,'Higiene personal'),
    (10,'Jarceria'),
    (11,'Uso domestico'),
    (12,'Botanas'),
    (13,'Frutas y verduras'),
    (14,'Congelados y helados');

INSERT INTO `proveedor` VALUES
                            (1,'Verde Valle','distribuidorpruebaspring@gmail.com','1187234582'),
                            (2,'IPEM','distribuidorpruebaspring@gmail.com','2259827312'),
                            (3,'Zucarmex','distribuidorpruebaspring@gmail.com','2259827721'),
                            (4,'Fabrica de Jabon La Corona','distribuidorpruebaspring@gmail.com','3259827721'),
                            (5,'SISA','distribuidorpruebaspring@gmail.com','2259132721'),
                            (6,'La Moderna','distribuidorpruebaspring@gmail.com','2259818721'),
                            (7,'Grupo Herdez','distribuidorpruebaspring@gmail.com','2229827721'),
                            (8,'Maruchan','distribuidorpruebaspring@gmail.com','2259817721'),
                            (9,'Bimbo','distribuidorpruebaspring@gmail.com','2259782921'),
                            (10,'Lala','distribuidorpruebaspring@gmail.com','2252027721'),
                            (11,'Coca-Cola FEMSA','distribuidorpruebaspring@gmail.com','2752477721'),
                            (12,'PepsiCo','distribuidorpruebaspring@gmail.com','8352327721'),
                            (13,'Grupo Danone','distribuidorpruebaspring@gmail.com','2295527721'),
                            (14,'Mondelez International','distribuidorpruebaspring@gmail.com','5352027721'),
                            (15,'Kelloggs','distribuidorpruebaspring@gmail.com','2958577721'),
                            (16,'Lacteos El Jacalito','distribuidorpruebaspring@gmail.com','2252027721'),
                            (17,'Kimberly-Clark','distribuidorpruebaspring@gmail.com','2552027728'),
                            (18,'P&G','distribuidorpruebaspring@gmail.com','2758227721'),
                            (19,'Grupo AlEn','distribuidorpruebaspring@gmail.com','2252907721'),
                            (20,'Unilever','distribuidorpruebaspring@gmail.com','8252917921'),
                            (21,'Beiersdorf','distribuidorpruebaspring@gmail.com','4252917921'),
                            (22,'Sigma','distribuidorpruebaspring@gmail.com','3252917921'),
                            (23,'Cremeria Americana','distribuidorpruebaspring@gmail.com','4752917921'),
                            (24,'Kraft Heinz','distribuidorpruebaspring@gmail.com','4772917928'),
                            (25,'Grupo Tamazula','distribuidorpruebaspring@gmail.com','4992917928'),
                            (26,'Sabormex','distribuidorpruebaspring@gmail.com','4721917928'),
                            (27,'Nestle','distribuidorpruebaspring@gmail.com','3790917928'),
                            (28,'DGary','distribuidorpruebaspring@gmail.com','4707917928'),
                            (29,'Pinsa Comercial','distribuidorpruebaspring@gmail.com','6707917928'),
                            (30,'Otis McAllister','distribuidorpruebaspring@gmail.com','6709317928'),
                            (31,'Grupo PiSa','distribuidorpruebaspring@gmail.com','7707917928'),
                            (32,'Zhej','distribuidorpruebaspring@gmail.com','6709029928'),
                            (33,'Clipper','distribuidorpruebaspring@gmail.com','8737029928'),
                            (34,'Great Value','distribuidorpruebaspring@gmail.com','5729029928'),
                            (35,'Colgate-Palmolive','distribuidorpruebaspring@gmail.com','6709439028'),
                            (36,'Calmex','distribuidorpruebaspring@gmail.com','4919439028'),
                            (37,'Alpura','distribuidorpruebaspring@gmail.com','1749439028'),
                            (38,'Dulces de la Rosa','distribuidorpruebaspring@gmail.com','3729439028'),
                            (39,'GIMSA','distribuidorpruebaspring@gmail.com','2009439028'),
                            (40,'Arca Continental','distribuidorpruebaspring@gmail.com','1309439028'),
                            (41,'Grupo Jumex','distribuidorpruebaspring@gmail.com','9309439028'),
                            (42,'Grupo MV','distribuidorpruebaspring@gmail.com','9109439028'),
                            (43,'Abarrotes Zorro','distribuidorpruebaspring@gmail.com','6179439028'),
                            (44,'Grupomar','distribuidorpruebaspring@gmail.com','2021439028'),
                            (45,'Tamales Madre','distribuidorpruebaspring@gmail.com','3309439028'),
                            (46,'Mi tienda del ahorro','distribuidorpruebaspring@gmail.com','7909439028'),
                            (47,'Bonamark','distribuidorpruebaspring@gmail.com','8029439028'),
                            (48,'Farmacias del Ahorro','distribuidorpruebaspring@gmail.com','9429439028'),
                            (49,'Walmart','distribuidorpruebaspring@gmail.com','4727439028'),
                            (50,'Ultra laboratorios','distribuidorpruebaspring@gmail.com','4609439028'),
                            (51,'Genomma lab','distribuidorpruebaspring@gmail.com','4609432428'),
                            (52,'Bayer','distribuidorpruebaspring@gmail.com','2109132428'),
                            (53,'Essity','distribuidorpruebaspring@gmail.com','4609432428'),
                            (54,'Nacional de aseo','distribuidorpruebaspring@gmail.com','1420432428'),
                            (55,'Solution products','distribuidorpruebaspring@gmail.com','1921432428'),
                            (56,'FortiClean','distribuidorpruebaspring@gmail.com','6417432428'),
                            (57,'Siltec','distribuidorpruebaspring@gmail.com','3001432428'),
                            (58,'Cuplasa','distribuidorpruebaspring@gmail.com','1260943242'),
                            (59,'Zense','distribuidorpruebaspring@gmail.com','4099432428'),
                            (60,'Truper','distribuidorpruebaspring@gmail.com','3109432428'),
                            (61,'Scott','distribuidorpruebaspring@gmail.com','7409432428'),
                            (62,'General Art','distribuidorpruebaspring@gmail.com','9201432428'),
                            (63,'SC Johnson','distribuidorpruebaspring@gmail.com','8239432428'),
                            (64,'Productos San Francisco','distribuidorpruebaspring@gmail.com','1179432423'),
                            (65,'Snacker','distribuidorpruebaspring@gmail.com','3172432328'),
                            (66,'La Huerta','distribuidorpruebaspring@gmail.com','2174432428'),
                            (67,'El Corte Ingles','distribuidorpruebaspring@gmail.com','1177432428'),
                            (68,'Pilgrims','distribuidorpruebaspring@gmail.com','4274481428'),
                            (69,'Hielo Fiesta','distribuidorpruebaspring@gmail.com','4476332428');


INSERT INTO `producto` VALUES
                           (1,'Arroz',79.04,'Arroz.png',1,1),
                           (2,'Frijol',41.27,'Frijol.png',1,2),
                           (3,'Azúcar',77.07,'Azúcar.png',1,3),
                           (4,'Aceite',15.23,'Aceite.png',1,4),
                           (5,'Sal',90.13,'Sal.png',1,5),
                           (6,'Harina',63.83,'Harina.png',1,6),
                           (7,'Pasta',18.16,'Pasta.png',1,7),
                           (8,'Sopa Maruchan',38.21,'Sopa_Maruchan.png',7,8),
                           (9,'Pan Bimbo',44.98,'Pan_Bimbo.png',5,9),
                           (10,'Leche Lala',77.33,'Leche_Lala.png',3,10),
                           (11,'Coca Cola',38.62,'Coca_Cola.png',6,11),
                           (12,'Pepsi',73.08,'Pepsi.png',6,12),
                           (13,'Agua Bonafont',9.77,'Agua_Bonafont.png',6,13),
                           (14,'Galletas María',63.68,'Galletas_María.png',5,12),
                           (15,'Chocolates Hershey',59.79,'Chocolates_Hershey.png',4,14),
                           (16,'Cereal Zucaritas',24.38,'Cereal_Zucaritas.png',1,15),
                           (17,'Yogur Danone',40.85,'Yogur_Danone.png',3,13),
                           (18,'Queso Oaxaca',97.2,'Queso_Oaxaca.png',3,16),
                           (19,'Jabón Zote',76.92,'Jabón_Zote.png',11,4),
                           (20,'Papel Higiénico Suavel',34.04,'Papel_Higiénico_Suavel.png',9,17),
                           (21,'Detergente Ariel',83.56,'Detergente_Ariel.png',11,18),
                           (22,'Cloro Cloralex',88.5,'Cloro_Cloralex.png',11,19),
                           (23,'Shampoo Sedal',83.04,'Shampoo_Sedal.png',9,20),
                           (24,'Crema Nivea',52.7,'Crema_Nivea.png',9,21),
                           (25,'Servilletas Pétalo',93.31,'Servilletas_Pétalo.png',11,17),
                           (26,'Jamón FUD',78.83,'Jamón_FUD.png',7,22),
                           (27,'Salchichas San Rafael',23.28,'Salchichas_San_Rafael.png',7,22),
                           (28,'Mantequilla Gloria',50.2,'Mantequilla_Gloria.png',3,23),
                           (29,'Pan Molido',85.16,'Pan_Molido.png',1,9),
                           (30,'Mayonesa McCormick',17.94,'Mayonesa_McCormick.png',1,7),
                           (31,'Catsup Heinz',72.65,'Catsup_Heinz.png',1,24),
                           (32,'Chiles La Costeña',39.83,'Chiles_La_Costeña.png',2,7),
                           (33,'Salsa Valentina',92.88,'Salsa_Valentina.png',1,25),
                           (34,'Refresco Jarritos',32.86,'Refresco_Jarritos.png',6,12),
                           (35,'Gansito',79.35,'Gansito.png',5,9),
                           (36,'Tortillas Tía Rosa',88.5,'Tortillas_Tía_Rosa.png',5,9),
                           (37,'Chicles Trident',25.68,'Chicles_Trident.png',4,14),
                           (38,'Café Legal',94.06,'Café_Legal.png',1,26),
                           (39,'Chocolate Abuelita',37.19,'Chocolate_Abuelita.png',1,27),
                           (40,'Mermelada McCormick',45.77,'Mermelada_McCormick.png',1,7),
                           (41,'Gelatina D Gari',23.17,'Gelatina_DGari.png',1,28),
                           (42,'Atún Dolores',57.31,'Atún_Dolores.png',2,29),
                           (43,'Sardinas La Sirena',82.74,'Sardinas_La_Sirena.png',2,30),
                           (44,'Suero Electrolit',60.91,'Suero_Electrolit.png',8,31),
                           (45,'Toallas Always',85.53,'Toallas_Always.png',9,18),
                           (46,'Desodorante Rexona',14.6,'Desodorante_Rexona.png',9,20),
                           (47,'Cubrebocas Desechable',70.01,'Cubrebocas_Desechable.png',9,32),
                           (48,'Encendedor Clipper',11.97,'Encendedor_Clipper.png',11,33),
                           (49,'Bolsa de Basura',89.69,'Bolsa_de_Basura.png',10,34),
                           (50,'Fabuloso Lavanda',38.94,'Fabuloso_Lavanda.png',11,35),
                           (51,'Frijoles Bayos Isadora',18.5,'Frijoles_Bayos_Isadora.png',2,1),
                           (52,'Chícharos enlatados Herdez',15.75,'Chicharos_Herdez.png',2,7),
                           (53,'Elote en lata La Costeña',16.9,'Elote_La_Costena.png',2,7),
                           (54,'Atún en agua Dolores',21,'Atun_Dolores.png',2,29),
                           (55,'Sardinas en tomate Calmex',19.6,'Sardinas_Calmex.png',2,36),
                           (56,'Champiñones en lata La Costeña',23.4,'Champinones_La_Costena.png',2,7),
                           (57,'Verduras mixtas Herdez',17.8,'Verduras_Mixtas_Herdez.png',2,7),
                           (58,'Leche entera Lala 1L',21.5,'Leche_Lala.png',3,10),
                           (59,'Yogurt bebible Danone 220ml',10,'Yogurt_Danone.png',3,13),
                           (60,'Queso panela NocheBuena 200g',36.9,'Queso_Panela_NocheBuena.png',3,22),
                           (61,'Crema Alpura 250ml',18,'Crema_Alpura.png',3,37),
                           (62,'Leche deslactosada Santa Clara',23.4,'Leche_Santa_Clara.png',3,11),
                           (63,'Mantequilla Gloria 90g',15.7,'Mantequilla_Gloria.png',3,23),
                           (64,'Paleta Payaso',13,'Paleta_Payaso.png',4,14),
                           (65,'Gomitas Ricolino',9.5,'Gomitas_Ricolino.png',4,14),
                           (66,'Chocolate Carlos V',12,'CarlosV.png',4,27),
                           (67,'Mazapán De la Rosa',6,'Mazapan_DeLaRosa.png',4,38),
                           (68,'Pulparindo',5.5,'Pulparindo.png',4,38),
                           (69,'Paleta Vero Mango',4.5,'Paleta_Vero_Mango.png',4,9),
                           (70,'Gansito Marinela',11.5,'Gansito.png',4,9),
                           (71,'Rockaleta',6.5,'Rockaleta.png',4,12),
                           (72,'Pan Bimbo Blanco',38,'Pan_Bimbo.png',5,9),
                           (73,'Tortillas de maíz Maseca',19,'Tortillas_Maseca.png',5,39),
                           (74,'Harina Hot Cakes Gamesa',22.5,'Harina_Gamesa.png',5,12),
                           (75,'Pan Molido La Moderna',14,'Pan_Molido_Moderna.png',5,6),
                           (76,'Tostadas Charras',17,'Tostadas_Charras.png',5,40),
                           (77,'Pan de caja Great Value',25.5,'Pan_Great_Value.png',5,34),
                           (78,'Coca-Cola 600ml',17,'Coca_600ml.png',6,11),
                           (79,'Pepsi 2L',28,'Pepsi_2L.png',6,12),
                           (80,'Jugo Jumex Durazno 500ml',13.5,'Jugo_Jumex.png',6,41),
                           (81,'Agua Bonafont 1.5L',10,'Bonafont.png',6,13),
                           (82,'Red Bull 250ml',32,'RedBull.png',6,42),
                           (83,'Gatorade Naranja 500ml',14.5,'Gatorade.png',6,12),
                           (84,'Sopa Maruchan Camarón',13,'Maruchan.png',7,8),
                           (85,'Sándwich de jamón',24,'Sandwich_Jamon.png',7,43),
                           (86,'Ensalada de atún',29.5,'Ensalada_Atun.png',7,44),
                           (87,'Tamal de pollo',18,'Tamal_Pollo.png',7,45),
                           (88,'Pasta lista para calentar',21,'Pasta_Preparada.png',7,20),
                           (89,'Pizza individual congelada',34,'Pizza_Congelada.png',7,46),
                           (90,'Hot Dog listo',25,'HotDog_Listo.png',7,47),
                           (91,'Paracetamol 500mg',9,'Paracetamol.png',8,48),
                           (92,'Ibuprofeno 400mg',11,'Ibuprofeno.png',8,49),
                           (93,'Loratadina 10mg',13,'Loratadina.png',8,48),
                           (94,'Omeprazol 20mg',14,'Omeprazol.png',8,50),
                           (95,'Antigripal Next',17.5,'Next.png',8,51),
                           (96,'Alka-Seltzer',8.5,'Alka_Seltzer.png',8,52),
                           (97,'VapoRub Vicks',21,'VapoRub.png',8,18),
                           (98,'Pepto Bismol',27,'Pepto.png',8,18),
                           (99,'Curitas adhesivas',15,'Curitas.png',8,21),
                           (100,'Papel higiénico Regio 4 rollos',25,'Papel_Regio.png',9,53),
                           (101,'Shampoo Sedal 190ml',22,'Shampoo_Sedal.png',9,20),
                           (102,'Pasta dental Colgate 100ml',18.5,'Colgate.png',9,35),
                           (103,'Jabón Zote blanco',10,'Jabon_Zote.png',9,4),
                           (104,'Escoba económica',27,'Escoba.png',10,54),
                           (105,'Recogedor plástico',18,'Recogedor.png',10,55),
                           (106,'Trapeador tipo mechudo',36,'Trapeador.png',10,56),
                           (107,'Fibras para tallar',12.5,'Fibra_Tallar.png',10,57),
                           (108,'Cubeta 10L',39,'Cubeta.png',10,58),
                           (109,'Cepillo para baño',21,'Cepillo_Bano.png',10,59),
                           (110,'Guantes de limpieza',17.5,'Guantes_Limpieza.png',10,60),
                           (111,'Toalla multiusos',15,'Toalla_Multiusos.png',10,61),
                           (112,'Atomizador plástico',14,'Atomizador.png',10,62),
                           (113,'Cloro 1L',11,'Cloro.png',11,19),
                           (114,'Detergente Roma 1kg',24.5,'Detergente_Roma.png',11,4),
                           (115,'Suavitel 850ml',27,'Suavitel.png',11,35),
                           (116,'Limpiavidrios Windex',33,'Windex.png',11,63),
                           (117,'Papas Sabritas Original 45g',15,'Sabritas.png',12,12),
                           (118,'Doritos Nacho 65g',17,'Doritos.png',12,12),
                           (119,'Chetos Torciditos',16,'Chetos.png',12,12),
                           (120,'Rancheritos',15.5,'Rancheritos.png',12,12),
                           (121,'Takis Fuego',18,'Takis.png',12,9),
                           (122,'Tostitos Salsa Verde',19.5,'Tostitos.png',12,12),
                           (123,'Palanquetas de cacahuate',9,'Palanqueta.png',12,64),
                           (124,'Chicharrones botaneros',12,'Chicharrones.png',12,65),
                           (125,'Mazorca preparada',23,'Mazorca.png',12,66),
                           (126,'Cacahuates japoneses',14,'Cacahuates.png',12,12),
                           (127,'Plátano por kg',18,'Platano.png',13,34),
                           (128,'Manzana roja por kg',32,'Manzana.png',13,34),
                           (129,'Tomate saladet por kg',16,'Tomate.png',13,34),
                           (130,'Cebolla blanca por kg',14.5,'Cebolla.png',13,34),
                           (131,'Aguacate hass por kg',48,'Aguacate.png',13,34),
                           (132,'Zanahoria por kg',12,'Zanahoria.png',13,34),
                           (133,'Lechuga romana',10,'Lechuga.png',13,34),
                           (134,'Limón sin semilla por kg',24,'Limon.png',13,34),
                           (135,'Papaya maradol por kg',19,'Papaya.png',13,34),
                           (136,'Naranja para jugo por kg',14,'Naranja.png',13,34),
                           (137,'Helado Holanda Napolitano 1L',62,'Helado_Holanda.png',14,20),
                           (138,'Paleta Magnum Almendra',27,'Magnum.png',14,20),
                           (139,'Nieve de limón 1L',39,'Nieve_Limon.png',14,20),
                           (140,'Pizza congelada Bimbo',45,'Pizza_Bimbo.png',14,9),
                           (141,'Hamburguesas congeladas',48,'Hamburguesas.png',14,46),
                           (142,'Croquetas empanizadas',42,'Croquetas.png',14,67),
                           (143,'Pollo empanizado congelado',59,'Pollo_Empanizado.png',14,68),
                           (144,'Nuggets de pollo congelados',47,'Nuggets.png',14,68),
                           (145,'Hielo bolsa 3kg',22,'Hielo.png',14,69),
                           (146,'Paletas Fruttare',26,'Fruttare.png',14,20);

INSERT INTO `cantidad_producto_almacen` VALUES
                                            (1,1,100),
                                            (2,2,100),
                                            (3,3,100),
                                            (4,4,100),
                                            (5,5,100),
                                            (6,6,100),
                                            (7,7,100),
                                            (8,8,100),
                                            (9,9,100),
                                            (10,10,100),
                                            (11,11,100),
                                            (12,12,100),
                                            (13,13,100),
                                            (14,14,100),
                                            (15,15,100),
                                            (16,16,100),
                                            (17,17,100),
                                            (18,18,100),
                                            (19,19,100),
                                            (20,20,100),
                                            (21,21,100),
                                            (22,22,100),
                                            (23,23,100),
                                            (24,24,100),
                                            (25,25,100),
                                            (26,26,100),
                                            (27,27,100),
                                            (28,28,100),
                                            (29,29,100),
                                            (30,30,100),
                                            (31,31,100),
                                            (32,32,100),
                                            (33,33,100),
                                            (34,34,100),
                                            (35,35,100),
                                            (36,36,100),
                                            (37,37,100),
                                            (38,38,100),
                                            (39,39,100),
                                            (40,40,100),
                                            (41,41,100),
                                            (42,42,100),
                                            (43,43,100),
                                            (44,44,100),
                                            (45,45,100),
                                            (46,46,100),
                                            (47,47,100),
                                            (48,48,100),
                                            (49,49,100),
                                            (50,50,100),
                                            (51,51,100),
                                            (52,52,100),
                                            (53,53,100),
                                            (54,54,100),
                                            (55,55,100),
                                            (56,56,100),
                                            (57,57,100),
                                            (58,58,100),
                                            (59,59,100),
                                            (60,60,100),
                                            (61,61,100),
                                            (62,62,100),
                                            (63,63,100),
                                            (64,64,100),
                                            (65,65,100),
                                            (66,66,100),
                                            (67,67,100),
                                            (68,68,100),
                                            (69,69,100),
                                            (70,70,100),
                                            (71,71,100),
                                            (72,72,100),
                                            (73,73,100),
                                            (74,74,100),
                                            (75,75,100),
                                            (76,76,100),
                                            (77,77,100),
                                            (78,78,100),
                                            (79,79,100),
                                            (80,80,100),
                                            (81,81,100),
                                            (82,82,100),
                                            (83,83,100),
                                            (84,84,100),
                                            (85,85,100),
                                            (86,86,100),
                                            (87,87,100),
                                            (88,88,100),
                                            (89,89,100),
                                            (90,90,100),
                                            (91,91,100),
                                            (92,92,100),
                                            (93,93,100),
                                            (94,94,100),
                                            (95,95,100),
                                            (96,96,100),
                                            (97,97,100),
                                            (98,98,100),
                                            (99,99,100),
                                            (100,100,100),
                                            (101,101,100),
                                            (102,102,100),
                                            (103,103,100),
                                            (104,104,100),
                                            (105,105,100),
                                            (106,106,100),
                                            (107,107,100),
                                            (108,108,100),
                                            (109,109,100),
                                            (110,110,100),
                                            (111,111,100),
                                            (112,112,100),
                                            (113,113,100),
                                            (114,114,100),
                                            (115,115,100),
                                            (116,116,100),
                                            (117,117,100),
                                            (118,118,100),
                                            (119,119,100),
                                            (120,120,100),
                                            (121,121,100),
                                            (122,122,100),
                                            (123,123,100),
                                            (124,124,100),
                                            (125,125,100),
                                            (126,126,100),
                                            (127,127,100),
                                            (128,128,100),
                                            (129,129,100),
                                            (130,130,100),
                                            (131,131,100),
                                            (132,132,100),
                                            (133,133,100),
                                            (134,134,100),
                                            (135,135,100),
                                            (136,136,100),
                                            (137,137,100),
                                            (138,138,100),
                                            (139,139,100),
                                            (140,140,100),
                                            (141,141,100),
                                            (142,142,100),
                                            (143,143,100),
                                            (144,144,100),
                                            (145,145,100),
                                            (146,146,100);

-- INSERT INTO `compra_cliente` VALUES
--                                  (1,1,44.98,2,1,'2025-02-22'),
--                                  (2,1,146.16,2,2,'2025-02-22'),
--                                  (3,1,163.4,2,3,'2025-02-22'),
--                                  (4,1,154.14,2,4,'2025-02-22'),
--                                  (5,1,50.2,2,5,'2025-02-22'),
--                                  (6,1,94.06,2,6,'2025-02-22'),
--                                  (7,2,165.08,2,7,'2025-02-22'),
--                                  (8,2,12.5,2,8,'2025-02-22'),
--                                  (9,2,87,2,9,'2025-02-22'),
--                                  (10,2,71.76,2,10,'2025-02-22'),
--                                  (11,2,132,2,11,'2025-02-22'),
--                                  (12,2,64,2,12,'2025-02-22'),
--                                  (13,3,23.94,2,13,'2025-02-22'),
--                                  (14,3,105,2,14,'2025-02-22'),
--                                  (15,3,60,2,15,'2025-02-22'),
--                                  (16,3,36,2,16,'2025-02-22'),
--                                  (17,3,72.5,2,17,'2025-02-22'),
--                                  (18,3,105,2,18,'2025-02-22'),
--                                  (19,1,77.24,2,19,'2025-02-24'),
--                                  (20,2,51,2,20,'2025-02-24');
--
-- INSERT INTO `historico_productos` VALUES
--                                       (1,9,1,99),
--                                       (2,12,2,98),
--                                       (3,17,3,96),
--                                       (4,3,4,98),
--                                       (5,28,5,99),
--                                       (6,38,6,99),
--                                       (7,2,7,96),
--                                       (8,107,8,99),
--                                       (9,130,9,94),
--                                       (10,30,10,96),
--                                       (11,116,11,96),
--                                       (12,82,12,98),
--                                       (13,48,13,98),
--                                       (14,110,14,94),
--                                       (15,117,15,96),
--                                       (16,66,16,97),
--                                       (17,83,17,95),
--                                       (18,97,18,95),
--                                       (19,11,19,98),
--                                       (20,118,20,97);